Id,Full Name,E-mail,Salary
RT1,John Doe,doe@test.com,10
RT2,Mary Jane,mary@tes.com,15
RT3,Max Topperson,max@test.com,11
RT4,Alfred Donald,alfred@test.com,11.5
RT5,Jane Doe,jane.doe@test.com,8.45
RT2,Mary Jane,mary@tes.com,15
RT4,Alfred Donald,alfred@test.com,11.5
RT2,Mary Jane,mary@tes.com,15
RT4,Alfred Donald,alfred@test.com,11.5
RT5,Jane Doe,jane.doe@test.com,8.45
RT1,John Doe,doe@test.com,10
RT2,Mary Jane,mary@tes.com,15
RT3,Max Topperson,max@test.com,11
RT4,Alfred Donald,alfred@test.com,11.5
RT5,Jane Doe,jane.doe@test.com,8.45
RT2,Mary Jane,mary@tes.com,15
RT4,Alfred Donald,alfred@test.com,11.5
RT2,Mary Jane,mary@tes.com,15
RT4,Alfred Donald,alfred@test.com,11.5
RT5,Jane Doe,jane.doe@test.com,8.45
RT1,John Doe,doe@test.com,10
RT2,Mary Jane,mary@tes.com,15
RT3,Max Topperson,max@test.com,11
RT4,Alfred Donald,alfred@test.com,11.5
RT5,Jane Doe,jane.doe@test.com,8.45
RT2,Mary Jane,mary@tes.com,15
RT4,Alfred Donald,alfred@test.com,11.5
RT2,Mary Jane,mary@tes.com,15
RT4,Alfred Donald,alfred@test.com,11.5
RT5,Jane Doe,jane.doe@test.com,8.45
RT1,John Doe,doe@test.com,10
RT2,Mary Jane,mary@tes.com,15
RT3,Max Topperson,max@test.com,11
RT4,Alfred Donald,alfred@test.com,11.5
RT5,Jane Doe,jane.doe@test.com,8.45
RT2,Mary Jane,mary@tes.com,15
RT4,Alfred Donald,alfred@test.com,11.5
RT2,Mary Jane,mary@tes.com,15
RT4,Alfred Donald,alfred@test.com,11.5
RT5,Jane Doe,jane.doe@test.com,8.45
